[{
    "title":"[10+1]천일소불고기 볶음밥",
    "subtitle": "300g",
    "price":"3,400원",
    "url":"best1.jpg"
}, {
    "title":"아무나 끓여도 맛있는 돼지 김치찜",
    "subtitle": "800g",
    "price":"11,500원",
    "url":"best2.jpg"
}, {
    "title":"닭똥집후라이드",
    "subtitle": "1kg",
    "price":"11,900원",
    "url":"best3.jpg"
}, {
    "title":"옛날 돈까스 소스2kg",
    "subtitle": "[대용량]",
    "price":"17,500원",
    "url":"best4.jpg"
}, {
    "title":"옛날통닭_옛날치킨",
    "subtitle": "600gx2팩(6호)",
    "price":"19,900원",
    "url":"best5.jpg"
}, {
    "title":"[감자튀김]팜프리츠 모듬감자",
    "subtitle": "400g",
    "price":"5,200원",
    "url":"best6.jpg"
}, {
    "title":"크림치즈 프레즐",
    "subtitle": "[낱개] 100g",
    "price":"2,200원",
    "url":"best7.jpg"
}, {
    "title":"한마리 순살 먹태110g",
    "subtitle": "--",
    "price":"8,900원",
    "url":"best8.jpg"
}, {
    "title":"[맥케인]브래디드 어니언링",
    "subtitle": "907g",
    "price":"8,900원",
    "url":"new1.jpg"
}, {
    "title":"치즈볼 핫도그",
    "subtitle": "500g",
    "price":"11,500원",
    "url":"new2.jpg"
}, {
    "title":"8가지 모듬감자튀김",
    "subtitle": "500g",
    "price":"5,500원",
    "url":"new3.jpg"
}, {
    "title":"숯불 따봉버거",
    "subtitle": "[편의점,PC방]",
    "price":"2,400원",
    "url":"new4.jpg"
}, {
    "title":"순살치킨가라게",
    "subtitle": "1kg",
    "price":"13,900원",
    "url":"new5.jpg"
}, {
    "title":"미니 국물떡볶이",
    "subtitle": "620g",
    "price":"9,500원",
    "url":"new6.jpg"
}, {
    "title":"화덕 고르곤졸라피자",
    "subtitle": "280g",
    "price":"8,200원",
    "url":"new7.jpg"
}, {
    "title":"[대용량]케이준 감자튀김",
    "subtitle": "2kg",
    "price":"13,900원",
    "url":"new8.jpg"
}]