[{
    "title":"[맥케인]브래디드 어니언링",
    "subtitle": "907g",
    "price":"8,900원",
    "url":"new1.jpg"
}, {
    "title":"치즈볼 핫도그",
    "subtitle": "500g",
    "price":"11,500원",
    "url":"new2.jpg"
}, {
    "title":"8가지 모듬감자튀김",
    "subtitle": "500g",
    "price":"5,500원",
    "url":"new3.jpg"
}, {
    "title":"숯불 따봉버거",
    "subtitle": "[편의점,PC방]",
    "price":"2,400원",
    "url":"new4.jpg"
}, {
    "title":"순살치킨가라게",
    "subtitle": "1kg",
    "price":"13,900원",
    "url":"new5.jpg"
}, {
    "title":"미니 국물떡볶이",
    "subtitle": "620g",
    "price":"9,500원",
    "url":"new6.jpg"
}, {
    "title":"화덕 고르곤졸라피자",
    "subtitle": "280g",
    "price":"8,200원",
    "url":"new7.jpg"
}, {
    "title":"[대용량]케이준 감자튀김",
    "subtitle": "2kg",
    "price":"13,900원",
    "url":"new8.jpg"
}]